URL,https://songngoc.com.vn
Miscellaneous,Open Graph
Widgets,AddToAny
Analytics,
Comment systems,
Security,reCAPTCHA
Font scripts,Font Awesome
CDN,
Marketing automation,
Advertising,
Webcams,
Tag managers,
Live chat,
JavaScript libraries,core-js ; Slick ; OWL Carousel ; Swiper ; jQuery ; FancyBox ; AOS
Cookie compliance,
Accessibility,
SSL/TLS certificate authorities,
Affiliate programs,
Appointment scheduling,
Surveys,
A/B testing,
Email,
Personalization,
Retargeting,
RUM,
Geolocation,
Browser fingerprinting,
Loyalty & rewards,
Feature management,
Segmentation,
Hosting,
Translation,
Reviews,
Buy now pay later,
Performance,
Reservations & delivery,
Referral marketing,
Digital asset management,
Content curation,
Customer data platform,
Cart abandonment,
Shipping carriers,
Recruitment & staffing,
Returns,
Livestreaming,
Ticket booking,
Augmented reality,
Domain parking,
Fundraising & donations,
JavaScript frameworks,Alpine.js
Web servers,Apache HTTP Server
Mobile frameworks,
Payment processors,
SEO,
User onboarding,
Containers,
PaaS,
IaaS,
WordPress plugins,
Shopify apps,
Form builders,
Video players,
Web frameworks,
Caching,
Web server extensions,
Reverse proxies,
Load balancers,
UI frameworks,Animate.css ; Bootstrap
WordPress themes,
Shopify themes,
Drupal themes,
JavaScript graphics,
Operating systems,
Maps,Google Maps
Authentication,Facebook Login
Cross border ecommerce,
Fulfilment,
Ecommerce frontends,
Rich text editors,
Programming languages,PHP
Databases,
CRM,
Cryptominers,
Editor,
Search engines,
CI,
Database managers,
Documentation tools,
Hosting panels,
Issue trackers,
Webmail,
Network services,
